{
  "method": "isotonic",
  "x_thresholds": [
    0.01,
    0.03,
    0.05,
    0.06999999999999999,
    0.09,
    0.11,
    0.13,
    0.15000000000000002,
    0.17,
    0.19,
    0.21000000000000002,
    0.23,
    0.25,
    0.27,
    0.29000000000000004,
    0.31,
    0.33,
    0.35000000000000003,
    0.37,
    0.39,
    0.41000000000000003,
    0.43,
    0.45,
    0.47000000000000003,
    0.49,
    0.51,
    0.53,
    0.55,
    0.5700000000000001,
    0.59,
    0.61,
    0.63,
    0.65,
    0.67,
    0.6900000000000001,
    0.7100000000000001,
    0.73,
    0.75,
    0.77,
    0.79,
    0.81,
    0.8300000000000001,
    0.85,
    0.87,
    0.89,
    0.91,
    0.93,
    0.9500000000000001,
    0.97,
    0.99
  ],
  "y_thresholds": [
    0.0,
    0.0,
    0.0,
    0.0,
    0.0,
    0.034134854624577146,
    0.2727272727272727,
    0.29444444444444445,
    0.29444444444444445,
    0.29444444444444445,
    0.29444444444444445,
    0.29444444444444445,
    0.29444444444444445,
    0.29444444444444445,
    0.29444444444444445,
    0.29444444444444445,
    0.37209302325581395,
    0.37209302325581395,
    0.37209302325581395,
    0.40441176470588236,
    0.40441176470588236,
    0.40441176470588236,
    0.40441176470588236,
    0.43902439024390244,
    0.5,
    0.6153846153846154,
    0.6170212765957447,
    0.6170212765957447,
    0.6170212765957447,
    0.6170212765957447,
    0.6170212765957447,
    0.6170212765957447,
    0.6170212765957447,
    0.65625,
    0.6666666666666666,
    0.7076923076923077,
    0.7076923076923077,
    0.7076923076923077,
    0.7536231884057971,
    0.7536231884057971,
    0.7611940298507462,
    0.7611940298507462,
    0.8333333333333334,
    0.9166666666666666,
    0.9166666666666666,
    0.9166666666666666,
    0.9166666666666666,
    0.9166666666666666,
    0.9166666666666666,
    0.9166666666666666
  ]
}