{
  "method": "isotonic",
  "x_thresholds": [
    0.01,
    0.03,
    0.05,
    0.06999999999999999,
    0.09,
    0.11,
    0.13,
    0.15000000000000002,
    0.17,
    0.19,
    0.21000000000000002,
    0.23,
    0.25,
    0.27,
    0.29000000000000004,
    0.31,
    0.33,
    0.35000000000000003,
    0.37,
    0.39,
    0.41000000000000003,
    0.43,
    0.45,
    0.47000000000000003,
    0.49,
    0.51,
    0.53,
    0.55,
    0.5700000000000001,
    0.59,
    0.61,
    0.63,
    0.65,
    0.67,
    0.6900000000000001,
    0.7100000000000001,
    0.73,
    0.75,
    0.77,
    0.79,
    0.81,
    0.8300000000000001,
    0.85,
    0.87,
    0.89,
    0.91,
    0.93,
    0.9500000000000001,
    0.97,
    0.99
  ],
  "y_thresholds": [
    3.2929993963292566e-08,
    2.655509626701315e-07,
    1.8273573587189044e-06,
    1.0734975428856374e-05,
    0.1428494487355683,
    0.2800869722545098,
    0.2800869722545098,
    0.2800869722545098,
    0.2800869722545098,
    0.2800869722545098,
    0.2800869722545098,
    0.2800869722545098,
    0.2800869722545098,
    0.2800869722545098,
    0.2800869722545098,
    0.2800869722545098,
    0.2800869722545098,
    0.2800869722545098,
    0.2968643555514219,
    0.3528681131122359,
    0.3826862952587302,
    0.40584886143849697,
    0.4349343747511362,
    0.4568587043566205,
    0.4568587043566205,
    0.5196436854081653,
    0.5196436854081653,
    0.5196436854081653,
    0.5196436854081653,
    0.5196436854081653,
    0.5773839638687495,
    0.5773839638687495,
    0.5773839638687495,
    0.5773839638687495,
    0.5776620533009671,
    0.584733373465848,
    0.5945631343564461,
    0.6042253964687098,
    0.6165860867799182,
    0.6901286072672377,
    0.696219559944037,
    0.7076802221246582,
    0.726086992360354,
    0.7492473428706237,
    0.7720034317387282,
    0.8264201665292212,
    0.837995888850414,
    0.8433358274769981,
    0.8453321672126578,
    0.8459503297633447
  ],
  "refit_meta": {
    "source": "in-season grading_history.json + Bayesian shrinkage",
    "n_picks": 57,
    "prior_strength": 12.0,
    "kernel_width": 0.05
  }
}