{
  "method": "isotonic",
  "x_thresholds": [
    0.01,
    0.03,
    0.05,
    0.06999999999999999,
    0.09,
    0.11,
    0.13,
    0.15000000000000002,
    0.17,
    0.19,
    0.21000000000000002,
    0.23,
    0.25,
    0.27,
    0.29000000000000004,
    0.31,
    0.33,
    0.35000000000000003,
    0.37,
    0.39,
    0.41000000000000003,
    0.43,
    0.45,
    0.47000000000000003,
    0.49,
    0.51,
    0.53,
    0.55,
    0.5700000000000001,
    0.59,
    0.61,
    0.63,
    0.65,
    0.67,
    0.6900000000000001,
    0.7100000000000001,
    0.73,
    0.75,
    0.77,
    0.79,
    0.81,
    0.8300000000000001,
    0.85,
    0.87,
    0.89,
    0.91,
    0.93,
    0.9500000000000001,
    0.97,
    0.99
  ],
  "y_thresholds": [
    0.0,
    0.0,
    0.0,
    0.0,
    0.14285714285714285,
    0.2803738317757009,
    0.2803738317757009,
    0.2803738317757009,
    0.2803738317757009,
    0.2803738317757009,
    0.2803738317757009,
    0.2803738317757009,
    0.3191489361702128,
    0.3191489361702128,
    0.3191489361702128,
    0.3191489361702128,
    0.3333333333333333,
    0.39285714285714285,
    0.39285714285714285,
    0.43243243243243246,
    0.43243243243243246,
    0.43243243243243246,
    0.4482758620689655,
    0.46511627906976744,
    0.46511627906976744,
    0.5510204081632653,
    0.5510204081632653,
    0.5510204081632653,
    0.5510204081632653,
    0.625,
    0.647887323943662,
    0.647887323943662,
    0.6716417910447762,
    0.6716417910447762,
    0.6716417910447762,
    0.6716417910447762,
    0.6716417910447762,
    0.6716417910447762,
    0.6829268292682927,
    0.8064516129032258,
    0.8064516129032258,
    0.8064516129032258,
    0.8064516129032258,
    0.8064516129032258,
    0.8064516129032258,
    0.8461538461538461,
    0.8461538461538461,
    0.8461538461538461,
    0.8461538461538461,
    0.8461538461538461
  ]
}