{
  "_intercept": 0.21957792301991533,
  "elo_diff": 0.757537703498908,
  "win_pct_diff": 0.0,
  "log5_prob": 0.0,
  "pythagorean_diff": 0.0,
  "is_home": -0.021917823338020746
}