{
  "feature_names": [
    "elo_diff",
    "win_pct_diff",
    "log5_prob",
    "pythagorean_diff",
    "is_home",
    "recent_10_net_pts_diff",
    "recent_10_win_pct_diff"
  ],
  "mean": [
    4.890306860368608,
    0.0,
    0.5,
    0.0,
    0.9902767389678384,
    0.061851337393596245,
    0.003656314183614108
  ],
  "scale": [
    142.07985069021115,
    1.0,
    1.0,
    1.0,
    0.09812603745725193,
    9.210416524540456,
    0.3060621928903558
  ]
}