{
  "feature_names": [
    "elo_diff",
    "win_pct_diff",
    "log5_prob",
    "pythagorean_diff",
    "is_home"
  ],
  "mean": [
    4.890306860368608,
    0.0,
    0.5,
    0.0,
    0.9902767389678384
  ],
  "scale": [
    142.07985069021115,
    1.0,
    1.0,
    1.0,
    0.09812603745725193
  ]
}